{"loss": [1.0316133499145508, 0.31927260756492615, 0.18729689717292786, 0.13357017934322357, 0.09478095173835754], "accuracy": [0.6949712038040161, 0.8981150984764099, 0.9395974278450012, 0.9563553333282471, 0.9692438840866089], "val_loss": [0.5963754057884216, 0.25812235474586487, 0.15781202912330627, 0.1736937016248703, 0.1054079607129097], "val_accuracy": [0.8112906813621521, 0.9171409010887146, 0.9484407305717468, 0.9483268857002258, 0.969041645526886]}